[{"model": "admin.logentry", "pk": 1, "fields": {"action_time": "2023-07-15T03:31:08.642Z", "user": 1, "content_type": 7, "object_id": "1", "object_repr": "Brand object (1)", "action_flag": 1, "change_message": "[{\"added\": {}}]"}}, {"model": "admin.logentry", "pk": 2, "fields": {"action_time": "2023-07-15T03:31:38.996Z", "user": 1, "content_type": 7, "object_id": "2", "object_repr": "Brand object (2)", "action_flag": 1, "change_message": "[{\"added\": {}}]"}}, {"model": "admin.logentry", "pk": 3, "fields": {"action_time": "2023-07-15T03:31:52.920Z", "user": 1, "content_type": 7, "object_id": "3", "object_repr": "Brand object (3)", "action_flag": 1, "change_message": "[{\"added\": {}}]"}}, {"model": "admin.logentry", "pk": 4, "fields": {"action_time": "2023-07-15T03:32:03.206Z", "user": 1, "content_type": 7, "object_id": "4", "object_repr": "Brand object (4)", "action_flag": 1, "change_message": "[{\"added\": {}}]"}}, {"model": "admin.logentry", "pk": 5, "fields": {"action_time": "2023-07-15T03:32:51.681Z", "user": 1, "content_type": 7, "object_id": "5", "object_repr": "Brand object (5)", "action_flag": 1, "change_message": "[{\"added\": {}}]"}}, {"model": "admin.logentry", "pk": 6, "fields": {"action_time": "2023-07-15T03:32:59.046Z", "user": 1, "content_type": 7, "object_id": "6", "object_repr": "Brand object (6)", "action_flag": 1, "change_message": "[{\"added\": {}}]"}}, {"model": "admin.logentry", "pk": 7, "fields": {"action_time": "2023-07-15T03:33:09.475Z", "user": 1, "content_type": 7, "object_id": "7", "object_repr": "Brand object (7)", "action_flag": 1, "change_message": "[{\"added\": {}}]"}}, {"model": "admin.logentry", "pk": 8, "fields": {"action_time": "2023-07-15T03:33:33.592Z", "user": 1, "content_type": 7, "object_id": "8", "object_repr": "Brand object (8)", "action_flag": 1, "change_message": "[{\"added\": {}}]"}}, {"model": "admin.logentry", "pk": 9, "fields": {"action_time": "2023-07-15T04:02:27.271Z", "user": 1, "content_type": 8, "object_id": "1", "object_repr": "Category object (1)", "action_flag": 1, "change_message": "[{\"added\": {}}]"}}, {"model": "admin.logentry", "pk": 10, "fields": {"action_time": "2023-07-15T04:02:33.986Z", "user": 1, "content_type": 8, "object_id": "2", "object_repr": "Category object (2)", "action_flag": 1, "change_message": "[{\"added\": {}}]"}}, {"model": "admin.logentry", "pk": 11, "fields": {"action_time": "2023-07-15T04:04:50.822Z", "user": 1, "content_type": 8, "object_id": "3", "object_repr": "Category object (3)", "action_flag": 1, "change_message": "[{\"added\": {}}]"}}, {"model": "admin.logentry", "pk": 12, "fields": {"action_time": "2023-07-15T04:05:09.069Z", "user": 1, "content_type": 8, "object_id": "4", "object_repr": "Category object (4)", "action_flag": 1, "change_message": "[{\"added\": {}}]"}}, {"model": "admin.logentry", "pk": 13, "fields": {"action_time": "2023-07-15T04:05:16.097Z", "user": 1, "content_type": 8, "object_id": "5", "object_repr": "Category object (5)", "action_flag": 1, "change_message": "[{\"added\": {}}]"}}, {"model": "admin.logentry", "pk": 14, "fields": {"action_time": "2023-07-15T04:05:21.120Z", "user": 1, "content_type": 8, "object_id": "6", "object_repr": "Category object (6)", "action_flag": 1, "change_message": "[{\"added\": {}}]"}}, {"model": "admin.logentry", "pk": 15, "fields": {"action_time": "2023-07-15T04:05:45.138Z", "user": 1, "content_type": 8, "object_id": "7", "object_repr": "Category object (7)", "action_flag": 1, "change_message": "[{\"added\": {}}]"}}, {"model": "admin.logentry", "pk": 16, "fields": {"action_time": "2023-07-15T04:06:24.619Z", "user": 1, "content_type": 8, "object_id": "8", "object_repr": "Category object (8)", "action_flag": 1, "change_message": "[{\"added\": {}}]"}}, {"model": "admin.logentry", "pk": 17, "fields": {"action_time": "2023-07-15T04:07:39.468Z", "user": 1, "content_type": 8, "object_id": "8", "object_repr": "Taladro Inalambrico", "action_flag": 2, "change_message": "[{\"changed\": {\"fields\": [\"Nombre\"]}}]"}}, {"model": "admin.logentry", "pk": 18, "fields": {"action_time": "2023-08-29T04:02:57.860Z", "user": 4, "content_type": 9, "object_id": "5", "object_repr": "Jesus Basante", "action_flag": 1, "change_message": "[{\"added\": {}}]"}}, {"model": "auth.permission", "pk": 1, "fields": {"name": "Can add log entry", "content_type": 1, "codename": "add_logentry"}}, {"model": "auth.permission", "pk": 2, "fields": {"name": "Can change log entry", "content_type": 1, "codename": "change_logentry"}}, {"model": "auth.permission", "pk": 3, "fields": {"name": "Can delete log entry", "content_type": 1, "codename": "delete_logentry"}}, {"model": "auth.permission", "pk": 4, "fields": {"name": "Can view log entry", "content_type": 1, "codename": "view_logentry"}}, {"model": "auth.permission", "pk": 5, "fields": {"name": "Can add permission", "content_type": 2, "codename": "add_permission"}}, {"model": "auth.permission", "pk": 6, "fields": {"name": "Can change permission", "content_type": 2, "codename": "change_permission"}}, {"model": "auth.permission", "pk": 7, "fields": {"name": "Can delete permission", "content_type": 2, "codename": "delete_permission"}}, {"model": "auth.permission", "pk": 8, "fields": {"name": "Can view permission", "content_type": 2, "codename": "view_permission"}}, {"model": "auth.permission", "pk": 9, "fields": {"name": "Can add group", "content_type": 3, "codename": "add_group"}}, {"model": "auth.permission", "pk": 10, "fields": {"name": "Can change group", "content_type": 3, "codename": "change_group"}}, {"model": "auth.permission", "pk": 11, "fields": {"name": "Can delete group", "content_type": 3, "codename": "delete_group"}}, {"model": "auth.permission", "pk": 12, "fields": {"name": "Can view group", "content_type": 3, "codename": "view_group"}}, {"model": "auth.permission", "pk": 13, "fields": {"name": "Can add content type", "content_type": 4, "codename": "add_contenttype"}}, {"model": "auth.permission", "pk": 14, "fields": {"name": "Can change content type", "content_type": 4, "codename": "change_contenttype"}}, {"model": "auth.permission", "pk": 15, "fields": {"name": "Can delete content type", "content_type": 4, "codename": "delete_contenttype"}}, {"model": "auth.permission", "pk": 16, "fields": {"name": "Can view content type", "content_type": 4, "codename": "view_contenttype"}}, {"model": "auth.permission", "pk": 17, "fields": {"name": "Can add session", "content_type": 5, "codename": "add_session"}}, {"model": "auth.permission", "pk": 18, "fields": {"name": "Can change session", "content_type": 5, "codename": "change_session"}}, {"model": "auth.permission", "pk": 19, "fields": {"name": "Can delete session", "content_type": 5, "codename": "delete_session"}}, {"model": "auth.permission", "pk": 20, "fields": {"name": "Can view session", "content_type": 5, "codename": "view_session"}}, {"model": "auth.permission", "pk": 21, "fields": {"name": "Can add Token", "content_type": 6, "codename": "add_token"}}, {"model": "auth.permission", "pk": 22, "fields": {"name": "Can change Token", "content_type": 6, "codename": "change_token"}}, {"model": "auth.permission", "pk": 23, "fields": {"name": "Can delete Token", "content_type": 6, "codename": "delete_token"}}, {"model": "auth.permission", "pk": 24, "fields": {"name": "Can view Token", "content_type": 6, "codename": "view_token"}}, {"model": "auth.permission", "pk": 25, "fields": {"name": "Can add token", "content_type": 7, "codename": "add_tokenproxy"}}, {"model": "auth.permission", "pk": 26, "fields": {"name": "Can change token", "content_type": 7, "codename": "change_tokenproxy"}}, {"model": "auth.permission", "pk": 27, "fields": {"name": "Can delete token", "content_type": 7, "codename": "delete_tokenproxy"}}, {"model": "auth.permission", "pk": 28, "fields": {"name": "Can view token", "content_type": 7, "codename": "view_tokenproxy"}}, {"model": "auth.permission", "pk": 29, "fields": {"name": "Can add Brand", "content_type": 8, "codename": "add_brand"}}, {"model": "auth.permission", "pk": 30, "fields": {"name": "Can change Brand", "content_type": 8, "codename": "change_brand"}}, {"model": "auth.permission", "pk": 31, "fields": {"name": "Can delete Brand", "content_type": 8, "codename": "delete_brand"}}, {"model": "auth.permission", "pk": 32, "fields": {"name": "Can view Brand", "content_type": 8, "codename": "view_brand"}}, {"model": "auth.permission", "pk": 33, "fields": {"name": "Can add category", "content_type": 9, "codename": "add_category"}}, {"model": "auth.permission", "pk": 34, "fields": {"name": "Can change category", "content_type": 9, "codename": "change_category"}}, {"model": "auth.permission", "pk": 35, "fields": {"name": "Can delete category", "content_type": 9, "codename": "delete_category"}}, {"model": "auth.permission", "pk": 36, "fields": {"name": "Can view category", "content_type": 9, "codename": "view_category"}}, {"model": "auth.permission", "pk": 37, "fields": {"name": "Can add Reference", "content_type": 10, "codename": "add_reference"}}, {"model": "auth.permission", "pk": 38, "fields": {"name": "Can change Reference", "content_type": 10, "codename": "change_reference"}}, {"model": "auth.permission", "pk": 39, "fields": {"name": "Can delete Reference", "content_type": 10, "codename": "delete_reference"}}, {"model": "auth.permission", "pk": 40, "fields": {"name": "Can view Reference", "content_type": 10, "codename": "view_reference"}}, {"model": "auth.permission", "pk": 41, "fields": {"name": "Can add Order", "content_type": 11, "codename": "add_order"}}, {"model": "auth.permission", "pk": 42, "fields": {"name": "Can change Order", "content_type": 11, "codename": "change_order"}}, {"model": "auth.permission", "pk": 43, "fields": {"name": "Can delete Order", "content_type": 11, "codename": "delete_order"}}, {"model": "auth.permission", "pk": 44, "fields": {"name": "Can view Order", "content_type": 11, "codename": "view_order"}}, {"model": "auth.permission", "pk": 45, "fields": {"name": "Can add evidence", "content_type": 12, "codename": "add_evidence"}}, {"model": "auth.permission", "pk": 46, "fields": {"name": "Can change evidence", "content_type": 12, "codename": "change_evidence"}}, {"model": "auth.permission", "pk": 47, "fields": {"name": "Can delete evidence", "content_type": 12, "codename": "delete_evidence"}}, {"model": "auth.permission", "pk": 48, "fields": {"name": "Can view evidence", "content_type": 12, "codename": "view_evidence"}}, {"model": "auth.permission", "pk": 49, "fields": {"name": "Can add client", "content_type": 13, "codename": "add_client"}}, {"model": "auth.permission", "pk": 50, "fields": {"name": "Can change client", "content_type": 13, "codename": "change_client"}}, {"model": "auth.permission", "pk": 51, "fields": {"name": "Can delete client", "content_type": 13, "codename": "delete_client"}}, {"model": "auth.permission", "pk": 52, "fields": {"name": "Can view client", "content_type": 13, "codename": "view_client"}}, {"model": "auth.permission", "pk": 53, "fields": {"name": "Can add User", "content_type": 14, "codename": "add_user"}}, {"model": "auth.permission", "pk": 54, "fields": {"name": "Can change User", "content_type": 14, "codename": "change_user"}}, {"model": "auth.permission", "pk": 55, "fields": {"name": "Can delete User", "content_type": 14, "codename": "delete_user"}}, {"model": "auth.permission", "pk": 56, "fields": {"name": "Can view User", "content_type": 14, "codename": "view_user"}}, {"model": "contenttypes.contenttype", "pk": 1, "fields": {"app_label": "admin", "model": "logentry"}}, {"model": "contenttypes.contenttype", "pk": 2, "fields": {"app_label": "auth", "model": "permission"}}, {"model": "contenttypes.contenttype", "pk": 3, "fields": {"app_label": "auth", "model": "group"}}, {"model": "contenttypes.contenttype", "pk": 4, "fields": {"app_label": "contenttypes", "model": "contenttype"}}, {"model": "contenttypes.contenttype", "pk": 5, "fields": {"app_label": "sessions", "model": "session"}}, {"model": "contenttypes.contenttype", "pk": 6, "fields": {"app_label": "authtoken", "model": "token"}}, {"model": "contenttypes.contenttype", "pk": 7, "fields": {"app_label": "authtoken", "model": "tokenproxy"}}, {"model": "contenttypes.contenttype", "pk": 8, "fields": {"app_label": "orders", "model": "brand"}}, {"model": "contenttypes.contenttype", "pk": 9, "fields": {"app_label": "orders", "model": "category"}}, {"model": "contenttypes.contenttype", "pk": 10, "fields": {"app_label": "orders", "model": "reference"}}, {"model": "contenttypes.contenttype", "pk": 11, "fields": {"app_label": "orders", "model": "order"}}, {"model": "contenttypes.contenttype", "pk": 12, "fields": {"app_label": "orders", "model": "evidence"}}, {"model": "contenttypes.contenttype", "pk": 13, "fields": {"app_label": "orders", "model": "client"}}, {"model": "contenttypes.contenttype", "pk": 14, "fields": {"app_label": "orders", "model": "user"}}, {"model": "sessions.session", "pk": "gqzlhy7tcuha8kuysmhwhh001dhz2u9g", "fields": {"session_data": ".eJxVjDsOwjAQBe_iGlnrOP5R0nMGa71r4wBypDipEHeHSCmgfTPzXiLitta49bzEicVZjOL0uyWkR2474Du22yxpbusyJbkr8qBdXmfOz8vh_h1U7PVbO9CUjcYcvCtI3viCQCEBB1IZwFjWTDCk0XGARE6TBi5KDVZZm4x4fwD00zf0:1qapfG:pt2JXZuQeJXcKOLATbX3I_JJ5OuJkxRP4xsmthClYw8", "expire_date": "2023-09-12T03:45:14.732Z"}}, {"model": "sessions.session", "pk": "puk6slomgrjokb28kg6c3m1mqm44b41h", "fields": {"session_data": ".eJxVjMEOwiAQRP-FsyEsBYoevfsNZGEXqRpISnsy_rtt0oNe5jDvzbxFwHUpYe08h4nERYA4_XYR05PrDuiB9d5kanWZpyh3RR60y1sjfl0P9--gYC_bOmZL1uUB1ait80SkadDZGAAHRp0RnY8GkuU4Wg3esYLEObFSaQstPl_eMTfm:1qK9rE:dcrLDp_TPPi0xesQjbCxQ-eX3Rumm64orT8AibEKEJA", "expire_date": "2023-07-28T03:52:40.711Z"}}, {"model": "sessions.session", "pk": "sn8f549emr4c3hvl6p0i7yk363uy5n89", "fields": {"session_data": ".eJxVjMEOwiAQRP-FsyEsBYoevfsNZGEXqRpISnsy_rtt0oNe5jDvzbxFwHUpYe08h4nERYA4_XYR05PrDuiB9d5kanWZpyh3RR60y1sjfl0P9--gYC_bOmZL1uUB1ait80SkadDZGAAHRp0RnY8GkuU4Wg3esYLEObFSaQstPl_eMTfm:1qRj4T:uXUtzFWafrmwTPkomJuSNtqRDhgjo_M_j4tMTy6azOM", "expire_date": "2023-08-18T00:53:37.713Z"}}, {"model": "authtoken.token", "pk": "10b16532b3494e94b955f9255097f75dd2770ff1", "fields": {"user": 4, "created": "2023-08-29T03:47:39.759Z"}}, {"model": "authtoken.token", "pk": "3e140b9fede7762c0c5d6d10bea84acee48889e1", "fields": {"user": 1, "created": "2023-08-29T02:53:58.357Z"}}, {"model": "orders.brand", "pk": 1, "fields": {"name": "Makita", "warranty_service": true, "company": null, "image": ""}}, {"model": "orders.brand", "pk": 2, "fields": {"name": "Elite", "warranty_service": true, "company": "Ujueta", "image": ""}}, {"model": "orders.brand", "pk": 3, "fields": {"name": "Furius", "warranty_service": true, "company": "Ujueta", "image": ""}}, {"model": "orders.brand", "pk": 4, "fields": {"name": "Siefken", "warranty_service": true, "company": "Ujueta", "image": ""}}, {"model": "orders.brand", "pk": 5, "fields": {"name": "Gladiator", "warranty_service": true, "company": "Dina", "image": ""}}, {"model": "orders.brand", "pk": 6, "fields": {"name": "Neo", "warranty_service": true, "company": "Dina", "image": ""}}, {"model": "orders.brand", "pk": 7, "fields": {"name": "DeWalt", "warranty_service": false, "company": null, "image": ""}}, {"model": "orders.brand", "pk": 8, "fields": {"name": "Black & Decker", "warranty_service": false, "company": null, "image": ""}}, {"model": "orders.category", "pk": 1, "fields": {"name": "Pulidora", "type": "electric_tools"}}, {"model": "orders.category", "pk": 2, "fields": {"name": "Mini pulidora", "type": "electric_tools"}}, {"model": "orders.category", "pk": 3, "fields": {"name": "Pistola de calor", "type": "electric_tools"}}, {"model": "orders.category", "pk": 4, "fields": {"name": "Taladro", "type": "electric_tools"}}, {"model": "orders.category", "pk": 5, "fields": {"name": "Rotomartillo", "type": "electric_tools"}}, {"model": "orders.category", "pk": 6, "fields": {"name": "Demoledor", "type": "electric_tools"}}, {"model": "orders.category", "pk": 7, "fields": {"name": "Apisonador", "type": "combustion_machines"}}, {"model": "orders.category", "pk": 8, "fields": {"name": "Taladro Inalambrico", "type": "cordless_tools"}}, {"model": "orders.reference", "pk": 1, "fields": {"reference": "g723", "brand": 8, "category": 1, "manpower": "15000", "exploded_view": ""}}, {"model": "orders.reference", "pk": 2, "fields": {"reference": "g723", "brand": 8, "category": 1, "manpower": "15000", "exploded_view": ""}}, {"model": "orders.reference", "pk": 3, "fields": {"reference": "HG1600", "brand": 2, "category": 3, "manpower": "15000", "exploded_view": ""}}, {"model": "orders.reference", "pk": 4, "fields": {"reference": "AG6015", "brand": 2, "category": 1, "manpower": "18500", "exploded_view": ""}}, {"model": "orders.reference", "pk": 5, "fields": {"reference": "AG6016", "brand": 2, "category": 1, "manpower": "18500", "exploded_view": ""}}, {"model": "orders.reference", "pk": 6, "fields": {"reference": "M0807", "brand": 1, "category": 4, "manpower": "15000", "exploded_view": ""}}, {"model": "orders.reference", "pk": 7, "fields": {"reference": "M0801", "brand": 1, "category": 4, "manpower": "15000", "exploded_view": ""}}, {"model": "orders.reference", "pk": 8, "fields": {"reference": "M0802", "brand": 1, "category": 4, "manpower": "15000", "exploded_view": ""}}, {"model": "orders.reference", "pk": 9, "fields": {"reference": "df2345", "brand": 2, "category": 4, "manpower": "15000", "exploded_view": ""}}, {"model": "orders.reference", "pk": 10, "fields": {"reference": "df2346", "brand": 2, "category": 4, "manpower": "15000", "exploded_view": ""}}, {"model": "orders.reference", "pk": 11, "fields": {"reference": "rm2312", "brand": 2, "category": 4, "manpower": "15000", "exploded_view": ""}}, {"model": "orders.reference", "pk": 12, "fields": {"reference": "rm2313", "brand": 2, "category": 4, "manpower": "15000", "exploded_view": ""}}, {"model": "orders.client", "pk": 2, "fields": {"fullname": "Pepito Perez", "document": "12345", "phone_number": "3216212121", "second_phone_number": null, "email": "pepito@perez.com", "municipality": "Pasto", "address": "calle 10"}}, {"model": "orders.client", "pk": 18, "fields": {"fullname": "Daniel Perenguez", "document": "12456987", "phone_number": "3214567890", "second_phone_number": null, "email": "danielp@gmail.com", "municipality": "Pasto", "address": "cra 22 #23-12"}}, {"model": "orders.client", "pk": 19, "fields": {"fullname": "Orlando Bastidas", "document": "58325953", "phone_number": "3228456342", "second_phone_number": null, "email": null, "municipality": "Pasto", "address": null}}, {"model": "orders.client", "pk": 20, "fields": {"fullname": "Andres Benavidez", "document": "23567987", "phone_number": "3154326756", "second_phone_number": null, "email": "andres99@gmail.com", "municipality": "Pasto", "address": "Calle 20 #23-23"}}, {"model": "orders.client", "pk": 21, "fields": {"fullname": "Oscar Tobar", "document": "58093245", "phone_number": "3157562378", "second_phone_number": null, "email": null, "municipality": "Pasto", "address": "Calle 34 #12-16"}}, {"model": "orders.client", "pk": 22, "fields": {"fullname": "Mateo Leon", "document": "45232345677", "phone_number": "3157653423", "second_phone_number": null, "email": null, "municipality": "Pasto", "address": "Calle 12 #23-23"}}, {"model": "orders.client", "pk": 23, "fields": {"fullname": "Eugenio Derbez", "document": "589672341", "phone_number": "3117564387", "second_phone_number": null, "email": "eugenio@mail.com", "municipality": "Sandona", "address": null}}, {"model": "orders.client", "pk": 24, "fields": {"fullname": "Raul Tarapuez", "document": "89342894598", "phone_number": "32157689876", "second_phone_number": null, "email": null, "municipality": "Sandona", "address": null}}, {"model": "orders.user", "pk": 1, "fields": {"last_login": null, "is_superuser": false, "first_name": "", "last_name": "", "is_staff": false, "is_active": true, "date_joined": "2023-08-29T03:18:41.110Z", "username": "bfgetial", "fullname": "Brayan Felipe Getial", "occupation": "Tecnico Electricista", "email": "bfgetial@gmail.com", "password": "bf2559GA", "groups": [], "user_permissions": []}}, {"model": "orders.user", "pk": 4, "fields": {"last_login": "2023-10-20T03:26:52.891Z", "is_superuser": true, "first_name": "", "last_name": "", "is_staff": true, "is_active": true, "date_joined": "2023-08-29T03:43:23.839Z", "username": "admin", "fullname": "", "occupation": "", "email": "admin@example.com", "password": "pbkdf2_sha256$600000$2USwfASTRWqj1E2gXooKeA$v2kz5L6QxEqeE/LuXYaPW2VasAQo+zeub8t4/U0a0kM=", "groups": [], "user_permissions": []}}, {"model": "orders.user", "pk": 7, "fields": {"last_login": null, "is_superuser": false, "first_name": "Carlos", "last_name": "Guzman", "is_staff": false, "is_active": true, "date_joined": "2023-08-30T03:19:50.611Z", "username": "CarGuz", "fullname": "Carlos Guzman", "occupation": "Tecnico Electrisista", "email": "carlosguzman@example.com", "password": "pbkdf2_sha256$600000$jkh8ulHsMAcfvuj9ffte4f$XeSQFee+Pc8ZyBAtlsOykKCL+/uXQ1WA6ayqH6m/s8U=", "groups": [], "user_permissions": []}}, {"model": "orders.user", "pk": 8, "fields": {"last_login": null, "is_superuser": false, "first_name": "Felipe", "last_name": "Getial", "is_staff": false, "is_active": true, "date_joined": "2023-09-05T02:32:55.467Z", "username": "bfgetial", "fullname": "Felipe Getial", "occupation": "Tecnico Electrisista", "email": "felipe@gmail.com", "password": "pbkdf2_sha256$600000$FZFD79sNaC9t4FdVwhzX5y$G0nKp3ecMAgRDMU3zjFEkdGZ+LxzKyH6fxKki/Pq7lk=", "groups": [], "user_permissions": []}}, {"model": "orders.order", "pk": 1, "fields": {"is_guarantee": false, "service_number": "00001", "brand": 8, "category": 1, "reference": 1, "serial": null, "client": 18, "reason_for_entry": "No prende", "observations": "Se recibe producto en regulares condiciones sin accesorios", "diagnostic": null, "estimate_for_repair": null, "payment": null, "payment_for_revision": null, "paid": false, "entry_date": "2023-08-18T21:06:00Z", "admitted_date": null, "revised_date": null, "warranty_denial_date": null, "quoted_date": null, "reapired_date": null, "delivered_date": null, "received_by": 1, "checked_by": null, "repared_by": null, "dispatched_by": null, "state": "admitted", "type_service": "('collect', 'Cobro')"}}, {"model": "orders.order", "pk": 2, "fields": {"is_guarantee": false, "service_number": "00002", "brand": 2, "category": 4, "reference": 11, "serial": null, "client": 18, "reason_for_entry": "Mantenimiento", "observations": "Se recibe producto en reguales condiciones sin accesorios", "diagnostic": null, "estimate_for_repair": null, "payment": null, "payment_for_revision": null, "paid": false, "entry_date": "2023-08-18T21:48:00Z", "admitted_date": null, "revised_date": null, "warranty_denial_date": null, "quoted_date": null, "reapired_date": null, "delivered_date": null, "received_by": 1, "checked_by": null, "repared_by": null, "dispatched_by": null, "state": "admitted", "type_service": "('collect', 'Cobro')"}}, {"model": "orders.order", "pk": 8, "fields": {"is_guarantee": false, "service_number": "00004", "brand": 2, "category": 4, "reference": 11, "serial": null, "client": 21, "reason_for_entry": "No prende", "observations": "Se recibe producto en regulares condiciones sin accesorios", "diagnostic": null, "estimate_for_repair": null, "payment": null, "payment_for_revision": "15000", "paid": false, "entry_date": "2023-08-25T02:52:10.524Z", "admitted_date": null, "revised_date": null, "warranty_denial_date": null, "quoted_date": null, "reapired_date": null, "delivered_date": null, "received_by": 1, "checked_by": null, "repared_by": null, "dispatched_by": null, "state": "admitted", "type_service": "('collect', 'Cobro')"}}, {"model": "orders.order", "pk": 9, "fields": {"is_guarantee": false, "service_number": "00005", "brand": 2, "category": 1, "reference": 4, "serial": null, "client": 21, "reason_for_entry": "Mantenimiento", "observations": "Se recibe producto en regulares condiciones sin accesorios", "diagnostic": null, "estimate_for_repair": null, "payment": null, "payment_for_revision": "15000", "paid": false, "entry_date": "2023-08-25T03:22:59.637Z", "admitted_date": null, "revised_date": null, "warranty_denial_date": null, "quoted_date": null, "reapired_date": null, "delivered_date": null, "received_by": 1, "checked_by": null, "repared_by": null, "dispatched_by": null, "state": "admitted", "type_service": "('collect', 'Cobro')"}}, {"model": "orders.order", "pk": 11, "fields": {"is_guarantee": false, "service_number": "00006", "brand": 2, "category": 1, "reference": 5, "serial": null, "client": 20, "reason_for_entry": "Ruido raro", "observations": "Se recibe producto en regulares condiciones sin accesorios", "diagnostic": null, "estimate_for_repair": null, "payment": null, "payment_for_revision": "15000", "paid": false, "entry_date": "2023-08-25T03:37:00.476Z", "admitted_date": null, "revised_date": null, "warranty_denial_date": null, "quoted_date": null, "reapired_date": null, "delivered_date": null, "received_by": 1, "checked_by": null, "repared_by": null, "dispatched_by": null, "state": "admitted", "type_service": "('collect', 'Cobro')"}}, {"model": "orders.order", "pk": 12, "fields": {"is_guarantee": false, "service_number": "00007", "brand": 8, "category": 1, "reference": 1, "serial": null, "client": 22, "reason_for_entry": "No prende", "observations": "Se recibe producto en regulares condiciones sin accesorios", "diagnostic": null, "estimate_for_repair": null, "payment": null, "payment_for_revision": "15000", "paid": false, "entry_date": "2023-08-25T04:17:26.748Z", "admitted_date": null, "revised_date": null, "warranty_denial_date": null, "quoted_date": null, "reapired_date": null, "delivered_date": null, "received_by": 1, "checked_by": null, "repared_by": null, "dispatched_by": null, "state": "admitted", "type_service": "('collect', 'Cobro')"}}, {"model": "orders.order", "pk": 22, "fields": {"is_guarantee": false, "service_number": "00008", "brand": 8, "category": 1, "reference": 1, "serial": null, "client": 18, "reason_for_entry": "mantenimiento", "observations": "se recibe producto en regulares condiciones sin accesorios", "diagnostic": null, "estimate_for_repair": null, "payment": null, "payment_for_revision": "10000", "paid": false, "entry_date": "2023-08-31T23:30:26.968Z", "admitted_date": null, "revised_date": null, "warranty_denial_date": null, "quoted_date": null, "reapired_date": null, "delivered_date": null, "received_by": 4, "checked_by": null, "repared_by": null, "dispatched_by": null, "state": "waiting_for_spare_parts", "type_service": "('collect', 'Cobro')"}}, {"model": "orders.order", "pk": 23, "fields": {"is_guarantee": false, "service_number": "00009", "brand": 8, "category": 1, "reference": 1, "serial": null, "client": 18, "reason_for_entry": "mantenimiento", "observations": "se recibe producto en regulares condiciones sin accesorios", "diagnostic": null, "estimate_for_repair": null, "payment": null, "payment_for_revision": "10000", "paid": false, "entry_date": "2023-08-31T23:42:37.116Z", "admitted_date": null, "revised_date": null, "warranty_denial_date": null, "quoted_date": null, "reapired_date": null, "delivered_date": null, "received_by": 4, "checked_by": null, "repared_by": null, "dispatched_by": null, "state": "admitted", "type_service": "('collect', 'Cobro')"}}, {"model": "orders.order", "pk": 24, "fields": {"is_guarantee": false, "service_number": "00010", "brand": 8, "category": 1, "reference": 1, "serial": null, "client": 18, "reason_for_entry": "no prende", "observations": "se recibe producto en regulares condiciones sin accesorios", "diagnostic": null, "estimate_for_repair": null, "payment": null, "payment_for_revision": "10000", "paid": false, "entry_date": "2023-08-31T23:52:04.801Z", "admitted_date": null, "revised_date": null, "warranty_denial_date": null, "quoted_date": null, "reapired_date": null, "delivered_date": null, "received_by": 4, "checked_by": null, "repared_by": null, "dispatched_by": null, "state": "admitted", "type_service": "('collect', 'Cobro')"}}, {"model": "orders.order", "pk": 26, "fields": {"is_guarantee": true, "service_number": "143211", "brand": 2, "category": 4, "reference": 9, "serial": "89742378969", "client": 18, "reason_for_entry": "No funciona", "observations": "se recibe producto en regulares condiciones", "diagnostic": null, "estimate_for_repair": null, "payment": null, "payment_for_revision": null, "paid": false, "entry_date": "2023-09-04T02:38:36.689Z", "admitted_date": null, "revised_date": null, "warranty_denial_date": null, "quoted_date": null, "reapired_date": null, "delivered_date": null, "received_by": 4, "checked_by": null, "repared_by": null, "dispatched_by": null, "state": "admitted", "type_service": "('collect', 'Cobro')"}}, {"model": "orders.order", "pk": 27, "fields": {"is_guarantee": true, "service_number": "147683", "brand": 2, "category": 1, "reference": 4, "serial": "77465198568", "client": 21, "reason_for_entry": "Mantenimiento", "observations": "se recibe producto en regulares condiciones sin accesorios", "diagnostic": null, "estimate_for_repair": null, "payment": null, "payment_for_revision": null, "paid": false, "entry_date": "2023-09-04T22:27:05.231Z", "admitted_date": null, "revised_date": null, "warranty_denial_date": null, "quoted_date": null, "reapired_date": null, "delivered_date": null, "received_by": 4, "checked_by": null, "repared_by": null, "dispatched_by": null, "state": "waiting_response_brand", "type_service": "('collect', 'Cobro')"}}, {"model": "orders.order", "pk": 28, "fields": {"is_guarantee": false, "service_number": "00011", "brand": 2, "category": 1, "reference": 5, "serial": null, "client": 22, "reason_for_entry": "No prende", "observations": "se recibe prodcuto en regulares condiciones sin accesorios", "diagnostic": null, "estimate_for_repair": null, "payment": null, "payment_for_revision": "15000", "paid": false, "entry_date": "2023-09-04T22:29:23.195Z", "admitted_date": null, "revised_date": null, "warranty_denial_date": null, "quoted_date": null, "reapired_date": null, "delivered_date": null, "received_by": 4, "checked_by": null, "repared_by": null, "dispatched_by": null, "state": "admitted", "type_service": "('collect', 'Cobro')"}}, {"model": "orders.order", "pk": 29, "fields": {"is_guarantee": false, "service_number": "00012", "brand": 1, "category": 4, "reference": 8, "serial": null, "client": 24, "reason_for_entry": "No prende", "observations": "se recibe prodcuto en regulares condiciones sin accesorios", "diagnostic": null, "estimate_for_repair": null, "payment": null, "payment_for_revision": "10000", "paid": false, "entry_date": "2023-09-05T21:37:04.978Z", "admitted_date": null, "revised_date": null, "warranty_denial_date": null, "quoted_date": null, "reapired_date": null, "delivered_date": null, "received_by": 8, "checked_by": null, "repared_by": null, "dispatched_by": null, "state": "admitted", "type_service": "('collect', 'Cobro')"}}, {"model": "orders.order", "pk": 30, "fields": {"is_guarantee": false, "service_number": "00013", "brand": 8, "category": 1, "reference": 1, "serial": null, "client": 18, "reason_for_entry": "no prende", "observations": "se recibe prodcuto en regulares condiciones sin accesorios", "diagnostic": null, "estimate_for_repair": null, "payment": null, "payment_for_revision": "10000", "paid": false, "entry_date": "2023-09-06T03:10:50.667Z", "admitted_date": null, "revised_date": null, "warranty_denial_date": null, "quoted_date": null, "reapired_date": null, "delivered_date": null, "received_by": 8, "checked_by": null, "repared_by": null, "dispatched_by": null, "state": "admitted", "type_service": "('collect', 'Cobro')"}}, {"model": "orders.order", "pk": 31, "fields": {"is_guarantee": false, "service_number": "00014", "brand": 8, "category": 1, "reference": 1, "serial": null, "client": 18, "reason_for_entry": "no prende", "observations": "se recibe prodcuto en regulares condiciones sin accesorios", "diagnostic": null, "estimate_for_repair": null, "payment": null, "payment_for_revision": "10000", "paid": false, "entry_date": "2023-09-12T02:45:43.682Z", "admitted_date": null, "revised_date": null, "warranty_denial_date": null, "quoted_date": null, "reapired_date": null, "delivered_date": null, "received_by": 8, "checked_by": null, "repared_by": null, "dispatched_by": null, "state": "delivered", "type_service": "('collect', 'Cobro')"}}, {"model": "orders.order", "pk": 32, "fields": {"is_guarantee": false, "service_number": "00015", "brand": 2, "category": 4, "reference": 9, "serial": null, "client": 19, "reason_for_entry": "mantenimiento", "observations": "se recibe prodcuto en regulares condiciones sin accesorios", "diagnostic": null, "estimate_for_repair": null, "payment": null, "payment_for_revision": "10000", "paid": false, "entry_date": "2023-09-12T03:05:58.980Z", "admitted_date": null, "revised_date": null, "warranty_denial_date": null, "quoted_date": null, "reapired_date": null, "delivered_date": null, "received_by": 8, "checked_by": null, "repared_by": null, "dispatched_by": null, "state": "admitted", "type_service": "('collect', 'Cobro')"}}, {"model": "orders.order", "pk": 34, "fields": {"is_guarantee": false, "service_number": "00017", "brand": 8, "category": 1, "reference": 1, "serial": null, "client": 22, "reason_for_entry": "Mantenimiento", "observations": "Se recibe producto en regulares condiciones", "diagnostic": null, "estimate_for_repair": null, "payment": null, "payment_for_revision": "10000", "paid": false, "entry_date": "2023-09-21T02:03:11.048Z", "admitted_date": null, "revised_date": null, "warranty_denial_date": null, "quoted_date": null, "reapired_date": null, "delivered_date": null, "received_by": 8, "checked_by": null, "repared_by": null, "dispatched_by": null, "state": "admitted", "type_service": "('collect', 'Cobro')"}}, {"model": "orders.order", "pk": 35, "fields": {"is_guarantee": false, "service_number": "00018", "brand": 8, "category": 1, "reference": 1, "serial": null, "client": 18, "reason_for_entry": "No prende", "observations": "Se recibe producto en regulares condiciones sin accesorios", "diagnostic": null, "estimate_for_repair": null, "payment": null, "payment_for_revision": "10000", "paid": false, "entry_date": "2023-09-21T02:04:53.593Z", "admitted_date": null, "revised_date": null, "warranty_denial_date": null, "quoted_date": null, "reapired_date": null, "delivered_date": null, "received_by": 8, "checked_by": null, "repared_by": null, "dispatched_by": null, "state": "in_repair", "type_service": "('collect', 'Cobro')"}}, {"model": "orders.order", "pk": 36, "fields": {"is_guarantee": false, "service_number": "00003", "brand": 2, "category": 4, "reference": 10, "serial": null, "client": 20, "reason_for_entry": "No funciona", "observations": "Sin accesorios", "diagnostic": null, "estimate_for_repair": null, "payment": null, "payment_for_revision": "10000", "paid": false, "entry_date": "2023-08-23T20:59:28.402Z", "admitted_date": null, "revised_date": null, "warranty_denial_date": null, "quoted_date": null, "reapired_date": null, "delivered_date": null, "received_by": 1, "checked_by": null, "repared_by": null, "dispatched_by": null, "state": "repaired", "type_service": "('collect', 'Cobro')"}}, {"model": "orders.order", "pk": 38, "fields": {"is_guarantee": false, "service_number": "00019", "brand": 2, "category": 4, "reference": 10, "serial": null, "client": 24, "reason_for_entry": "No funciona", "observations": "Sin accesorios", "diagnostic": null, "estimate_for_repair": null, "payment": null, "payment_for_revision": "10000", "paid": false, "entry_date": "2023-09-21T20:59:28.402Z", "admitted_date": null, "revised_date": null, "warranty_denial_date": null, "quoted_date": null, "reapired_date": null, "delivered_date": null, "received_by": 1, "checked_by": null, "repared_by": null, "dispatched_by": null, "state": "delivered", "type_service": "('collect', 'Cobro')"}}, {"model": "orders.order", "pk": 40, "fields": {"is_guarantee": true, "service_number": "Tes-114", "brand": 1, "category": 4, "reference": 7, "serial": null, "client": 18, "reason_for_entry": "Mantenimiento", "observations": "Se recibe producto en regulares condiciones sin accesorios", "diagnostic": null, "estimate_for_repair": null, "payment": null, "payment_for_revision": null, "paid": false, "entry_date": "2023-10-03T02:40:27.083Z", "admitted_date": null, "revised_date": null, "warranty_denial_date": null, "quoted_date": null, "reapired_date": null, "delivered_date": null, "received_by": 8, "checked_by": null, "repared_by": null, "dispatched_by": null, "state": "admitted", "type_service": "('collect', 'Cobro')"}}, {"model": "orders.order", "pk": 41, "fields": {"is_guarantee": true, "service_number": "Tes-115", "brand": 8, "category": 1, "reference": 1, "serial": null, "client": 19, "reason_for_entry": "No prende", "observations": "Se recibe producto en regulares condiciones sin accesorios", "diagnostic": null, "estimate_for_repair": null, "payment": null, "payment_for_revision": null, "paid": false, "entry_date": "2023-10-04T02:55:40.547Z", "admitted_date": null, "revised_date": null, "warranty_denial_date": null, "quoted_date": null, "reapired_date": null, "delivered_date": null, "received_by": 8, "checked_by": null, "repared_by": null, "dispatched_by": null, "state": "repaired", "type_service": "('collect', 'Cobro')"}}, {"model": "orders.order", "pk": 42, "fields": {"is_guarantee": true, "service_number": "234598", "brand": 2, "category": 4, "reference": 9, "serial": null, "client": 24, "reason_for_entry": "Mantenimiento", "observations": "Se recibe producto en regulares condiciones sin accesorios", "diagnostic": null, "estimate_for_repair": null, "payment": null, "payment_for_revision": null, "paid": false, "entry_date": "2023-10-04T02:57:27.847Z", "admitted_date": null, "revised_date": null, "warranty_denial_date": null, "quoted_date": null, "reapired_date": null, "delivered_date": null, "received_by": 8, "checked_by": null, "repared_by": null, "dispatched_by": null, "state": "admitted", "type_service": "('collect', 'Cobro')"}}, {"model": "orders.order", "pk": 43, "fields": {"is_guarantee": true, "service_number": "678905", "brand": 2, "category": 3, "reference": 3, "serial": null, "client": 22, "reason_for_entry": "No prende", "observations": "Se recibe producto en regulares condiciones sin accesorios", "diagnostic": null, "estimate_for_repair": null, "payment": null, "payment_for_revision": null, "paid": false, "entry_date": "2023-10-04T03:34:53.269Z", "admitted_date": null, "revised_date": null, "warranty_denial_date": null, "quoted_date": null, "reapired_date": null, "delivered_date": null, "received_by": 8, "checked_by": null, "repared_by": null, "dispatched_by": null, "state": "in_revision", "type_service": "('collect', 'Cobro')"}}, {"model": "orders.order", "pk": 44, "fields": {"is_guarantee": true, "service_number": "Tes-116", "brand": 1, "category": 4, "reference": 6, "serial": null, "client": 21, "reason_for_entry": "No prende", "observations": "Se recibe producto en regulares condiciones sin accesorios", "diagnostic": null, "estimate_for_repair": null, "payment": null, "payment_for_revision": null, "paid": false, "entry_date": "2023-10-04T04:35:48.674Z", "admitted_date": null, "revised_date": null, "warranty_denial_date": null, "quoted_date": null, "reapired_date": null, "delivered_date": null, "received_by": 8, "checked_by": null, "repared_by": null, "dispatched_by": null, "state": "in_revision", "type_service": "('collect', 'Cobro')"}}, {"model": "orders.evidence", "pk": 1, "fields": {"image": "evidences/WhatsApp_Image_2023-09-19_at_5.39.24_PM.jpeg", "order": 44}}]